hostname,api,status,requestBytes,responseBytes
27,/login,200,3343,20462
26,/login,200,3714,45362
27,/login,200,4271,41097
28,/getAccountName,200,2786,45243
28,/login,200,2419,27626
13,/getContact,200,4787,7133
15,/login,200,1235,5944
17,/login,200,4665,25475
29,/getAccountStatus,200,4479,25595
13,/getAccountName,200,1259,17046
12,/getAccountName,200,4918,48200
18,/getAccountName,200,2793,47431
13,/getAccountStatus,200,3026,29594
27,/login,200,3097,41277
20,/getAccountRegion,200,2841,3628
13,/getAccountRegion,200,2728,20119
16,/getAccountName,200,124,46997
14,/getAccountName,200,2868,37660
11,/getAccountStatus,200,1241,32220
14,/getAccountStatus,200,3558,43194
21,/getContact,200,2389,48290
19,/getContact,200,3929,27592
27,/getAccountName,200,1861,30260
14,/login,200,2805,22796
14,/getAccountStatus,200,2444,1300
20,/login,200,1217,24310
26,/getAccountName,200,3423,23318
27,/getAccountRegion,200,420,46251
12,/getAccountStatus,200,3874,25311
21,/login,200,2932,9965
27,/getContact,200,3270,33813
13,/getAccountName,200,490,47162
29,/login,200,2616,1765
20,/getAccountRegion,200,2940,17480
11,/getAccountName,200,2429,7589
26,/getAccountRegion,500,2573,24355
24,/getAccountRegion,200,594,37546
20,/getAccountRegion,200,2347,6094
17,/getAccountName,200,1774,32108
13,/getContact,200,1575,38582
17,/login,200,632,3806
29,/getContact,200,3797,6058
29,/getContact,403,1026,8823
26,/getAccountStatus,200,2192,12909
24,/getAccountStatus,200,4680,14742
11,/getContact,200,4605,20143
20,/getContact,200,2257,42789
17,/getAccountName,200,3917,11936
13,/getAccountStatus,200,4582,36570
12,/getContact,200,3463,8074
22,/getAccountRegion,200,4844,26649
19,/getContact,200,3727,8039
28,/getAccountStatus,200,1804,10798
28,/getAccountRegion,200,4319,9367
23,/getAccountStatus,500,1209,11829
15,/getContact,200,1367,16474
18,/getContact,200,4585,5002
28,/getAccountName,200,695,35924
19,/getAccountRegion,200,3436,29801
28,/getAccountRegion,200,3962,19773
23,/getContact,200,186,26148
19,/getAccountRegion,200,4010,22504
25,/getContact,200,4405,34802
12,/getAccountName,200,3082,43081
24,/getAccountStatus,200,3412,27031
13,/getAccountName,200,2990,28932
16,/getAccountRegion,200,4194,7117
25,/getContact,200,472,3083
13,/getAccountName,200,4544,39632
27,/getAccountRegion,200,478,40891
19,/login,200,1262,31800
21,/getAccountName,200,4271,30726
14,/getAccountName,200,4411,43000
27,/getContact,200,1659,19577
17,/getAccountName,200,830,8788
27,/getAccountName,200,2430,42741
20,/login,200,3364,8314
17,/getAccountRegion,403,3394,24136
14,/getAccountName,200,455,2973
27,/getAccountRegion,200,3654,24023
30,/getAccountRegion,200,4879,7586
24,/getContact,200,3962,24815
28,/getAccountStatus,200,4409,26574
26,/getContact,200,1122,14812
26,/getAccountRegion,200,3500,10646
22,/getAccountStatus,200,313,2425
16,/getAccountName,200,1747,49857
15,/getAccountName,200,611,43385
17,/login,200,2065,37859
26,/getContact,200,2404,14026
12,/getAccountRegion,200,4407,48171
20,/getAccountStatus,200,2995,1977
29,/getAccountStatus,200,2156,12762
16,/login,403,2581,29424
20,/getAccountName,200,886,48717
20,/getContact,200,2068,27139
25,/login,200,1704,38255
21,/getAccountStatus,200,2013,21511
23,/getAccountRegion,200,2765,35477
26,/getAccountStatus,200,398,8141
12,/getAccountName,200,3403,5796
30,/getAccountName,200,4269,31494
23,/login,200,363,43049
20,/getAccountName,200,320,45713
14,/getContact,200,4784,18269
20,/getContact,200,4458,12155
15,/getAccountRegion,200,4078,26833
25,/login,200,3883,14568
21,/getAccountName,200,3059,11645
30,/getAccountRegion,200,3711,16355
15,/getAccountName,200,4989,40358
16,/getAccountStatus,200,2964,3444
16,/getAccountName,200,1209,2938
13,/getAccountStatus,200,3045,21431
29,/login,200,3503,48748
22,/login,200,4976,21524
12,/getAccountName,200,3433,34227
23,/getAccountName,200,387,6941
27,/getAccountStatus,200,1023,7387
15,/getContact,200,2951,36950
17,/getAccountRegion,200,542,35836
23,/getAccountName,200,3007,920
18,/getAccountStatus,200,3936,29071
24,/getAccountName,200,626,26035
25,/login,200,1970,2907
12,/getAccountStatus,200,1558,18844
16,/getAccountRegion,200,3637,9847
27,/getContact,200,3174,24375
16,/getContact,200,4146,13473
14,/getAccountName,200,1009,19484
29,/getAccountName,200,853,23710
13,/getContact,200,416,22924
26,/login,200,3317,28020
19,/getAccountName,200,4580,13596
15,/getAccountRegion,200,3418,47670
25,/getAccountStatus,200,3333,1039
20,/getAccountStatus,200,1799,23712
12,/getAccountName,200,3743,46677
24,/getAccountName,200,789,4739
26,/getAccountStatus,200,3578,46259
28,/getAccountRegion,200,4106,15173
12,/getContact,200,2003,49109
26,/login,200,2944,31669
27,/getAccountStatus,200,1447,31630
20,/getAccountRegion,200,1494,23415
11,/getAccountRegion,200,1843,29564
30,/getAccountName,200,2856,40187
24,/getAccountStatus,200,2836,28199
28,/getAccountRegion,200,3938,13904
22,/getAccountName,200,1403,6765
21,/getAccountRegion,200,3830,49421
23,/login,200,2958,17918
30,/getContact,200,1660,14581
30,/login,200,908,12657
26,/login,200,1718,34461
26,/getAccountRegion,200,727,47308
28,/getContact,403,3207,4440
23,/getAccountName,200,295,29412
11,/getAccountStatus,200,3975,42504
28,/getAccountStatus,200,1628,37211
11,/login,200,2245,46397
22,/getAccountName,200,1520,26885
16,/getAccountRegion,200,3918,41682
30,/getAccountStatus,200,1997,35661
13,/getAccountStatus,200,2238,31517
17,/getAccountName,200,170,33055
29,/getContact,200,2847,48975
27,/login,200,4363,31066
29,/getContact,200,1902,46791
13,/login,200,3111,42513
12,/getContact,200,569,21714
21,/getAccountStatus,200,170,4319
19,/getAccountRegion,200,2437,9267
26,/getAccountName,200,1802,25858
29,/getAccountStatus,200,1140,26066
19,/login,200,191,14062
14,/getAccountName,200,2113,8499
27,/getAccountRegion,200,4326,4319
12,/getAccountRegion,200,4205,22438
15,/getAccountRegion,200,381,47711
24,/getAccountStatus,200,907,17912
30,/getAccountStatus,200,2299,6087
27,/getAccountRegion,200,2931,12338
26,/getAccountName,200,4999,7634
28,/getAccountRegion,200,1482,45322
18,/getAccountRegion,200,3158,18877
16,/login,200,2374,7708
23,/getAccountRegion,200,1243,36503
23,/getAccountStatus,200,2478,43414
17,/getAccountStatus,200,715,40777
12,/getAccountName,200,3767,33936
14,/getAccountStatus,200,2394,8139
18,/getAccountStatus,200,3191,30281
27,/getContact,200,2044,40884
20,/login,200,1394,12246
20,/getAccountRegion,200,3433,42838
30,/getAccountRegion,200,2547,45131
12,/getAccountRegion,200,2251,43447
14,/login,200,4479,33744
27,/getContact,200,4095,42498
30,/getAccountName,200,3079,25643
20,/getContact,200,3295,37559
29,/getAccountName,200,1728,14483
13,/login,200,1887,14588
24,/login,200,2194,40737
30,/login,200,2715,35242
18,/getAccountRegion,200,4550,26878
18,/getAccountStatus,200,2892,32725
24,/getAccountRegion,200,4333,31516
24,/getAccountStatus,200,4549,29655
24,/getAccountRegion,200,4124,27399
12,/getAccountRegion,200,4148,48904
13,/getAccountName,200,3466,45007
28,/getAccountStatus,200,3047,14344
19,/getAccountName,200,377,40949
15,/getContact,200,2022,39495
16,/login,200,4384,24195
21,/getAccountName,403,1603,28696
13,/login,200,2355,37680
14,/getContact,200,4554,10522
13,/getContact,200,3346,15096
15,/login,200,2913,25014
20,/getAccountName,200,668,41607
30,/getAccountRegion,200,4721,45348
30,/getAccountName,200,3928,8004
29,/login,200,3946,4158
16,/login,200,4812,3135
29,/getContact,200,2897,8971
13,/getAccountName,200,108,29934
20,/getAccountStatus,200,4990,40387
12,/getContact,200,2271,33409
20,/getAccountStatus,200,4382,17413
17,/getAccountStatus,200,2797,5507
18,/getAccountName,200,1528,23964
17,/login,200,2257,38899
25,/getAccountRegion,200,1441,37020
13,/login,200,4602,4746
25,/getAccountStatus,200,4724,17123
27,/getAccountStatus,200,1632,41621
22,/getAccountStatus,200,3934,26768
29,/getContact,200,2787,34971
21,/getContact,200,4737,20439
29,/login,200,3358,43277
16,/login,200,1188,15641
16,/getAccountName,200,4259,46107
14,/getContact,200,4095,4712
20,/getAccountName,200,1794,27700
29,/getAccountStatus,200,537,31314
20,/getAccountStatus,200,2546,4919
21,/getAccountRegion,200,4248,11402
16,/login,200,364,16892
24,/getAccountRegion,200,3357,44953
11,/getAccountStatus,200,4260,36360
12,/login,403,3504,15864
15,/getAccountName,200,659,952
15,/getAccountRegion,200,3862,19773
18,/getAccountStatus,200,332,49605
17,/getAccountName,200,2234,3277
27,/getAccountStatus,200,1520,21388
27,/getAccountName,200,2440,34994
22,/getAccountRegion,200,1978,45914
13,/getAccountRegion,200,1061,2712
13,/getContact,200,1323,4620
26,/getContact,200,4131,17191
16,/getAccountName,200,1276,27899
26,/login,200,4091,40099
27,/login,200,2736,30220
17,/getContact,200,1649,15339
22,/getContact,200,4669,22446
22,/login,200,629,45948
15,/getAccountStatus,200,2031,4437
28,/getAccountName,200,2581,25557
30,/getAccountStatus,200,1524,30143
13,/getAccountName,200,3196,35393
19,/getAccountStatus,200,4633,24814
17,/getAccountName,200,667,7100
19,/getAccountStatus,200,2221,21155
26,/getAccountName,200,1494,34687
30,/getAccountRegion,200,2611,21185
19,/getAccountRegion,200,2595,41151
17,/getContact,200,487,33269
29,/getAccountStatus,200,1953,6985
27,/login,200,3532,38884
18,/getAccountStatus,200,4164,33025
24,/getContact,200,4930,30533
30,/getContact,200,3611,36325
29,/getAccountRegion,200,3039,12197
29,/getContact,200,4863,30373
16,/getAccountStatus,200,4748,14416
22,/getAccountStatus,200,3901,43733
28,/login,200,3129,1348
12,/getAccountRegion,200,3616,47799
24,/getAccountName,200,3189,29442
21,/login,200,3099,47687
20,/getContact,200,2391,38930
28,/getContact,200,4748,47534
27,/getContact,200,3660,3522
17,/getAccountStatus,200,4408,2436
12,/getAccountName,200,4543,29844
22,/getAccountStatus,200,845,13298
26,/getAccountName,200,3883,40205
17,/login,200,1652,11699
25,/login,200,2945,37016
21,/getAccountRegion,200,2413,33082
11,/getContact,200,1953,36819
26,/getContact,200,579,44850
20,/getAccountStatus,200,4865,23191
21,/getContact,200,4032,19719
24,/login,200,1898,11999
20,/login,200,4668,31240
20,/getAccountName,200,1339,9914
19,/getContact,200,4326,6870
24,/getAccountName,200,813,43072
24,/getAccountName,200,2802,11915
29,/getAccountName,200,2515,38972
17,/getAccountName,200,3195,21524
14,/getAccountStatus,200,4899,42688
30,/getContact,200,913,17904
22,/login,200,509,9054
26,/getAccountStatus,200,2867,40644
25,/getAccountRegion,200,4739,9827
23,/getAccountRegion,200,1871,8641
13,/login,200,272,19032
12,/getAccountStatus,200,4622,15000
28,/login,200,3238,20531
11,/getAccountRegion,200,4314,17351
22,/getAccountRegion,200,1297,25050
18,/getAccountRegion,200,2421,18440
21,/getAccountName,200,4674,17086
22,/login,200,3895,13104
11,/getContact,200,890,7232
23,/getAccountRegion,200,296,47213
15,/getAccountStatus,200,375,7912
27,/login,200,4083,7457
22,/login,200,3054,8491
26,/getAccountRegion,200,2836,11599
22,/login,200,2940,9703
12,/getContact,200,2236,29461
21,/getAccountName,200,189,42050
29,/getAccountName,200,1332,35155
17,/getContact,200,1493,36234
24,/getAccountName,500,3910,49214
29,/getAccountName,200,2948,26237
18,/getAccountStatus,200,2181,46055
25,/getAccountName,200,4545,25707
17,/getContact,200,1287,6101
17,/getAccountName,200,640,25196
19,/getAccountStatus,200,1947,31931
13,/getContact,200,3622,17217
20,/getAccountName,200,3570,1252
30,/login,200,4005,37683
21,/getAccountStatus,200,3357,48653
16,/getAccountStatus,200,704,43066
13,/getAccountRegion,200,320,47536
17,/getContact,200,1642,40760
17,/getAccountStatus,200,4352,7577
23,/getContact,200,4209,39889
12,/getContact,200,2282,17530
30,/getContact,200,496,19487
28,/getAccountRegion,500,2674,12020
26,/getContact,200,991,21133
30,/getAccountStatus,200,1018,8014
30,/getAccountName,200,892,32868
20,/login,200,1012,31989
29,/getAccountRegion,200,1885,27652
18,/getContact,200,1081,35635
12,/getAccountStatus,200,1009,39017
13,/login,200,821,16084
24,/getAccountName,200,2664,4072
25,/login,200,1897,29728
23,/getAccountName,200,2590,45900
14,/getAccountName,200,3275,45987
30,/getAccountName,200,2460,30793
25,/getContact,200,1169,27385
25,/getAccountName,200,4975,40402
19,/login,200,247,7973
26,/getAccountRegion,200,3682,42756
27,/login,200,2468,14365
24,/getAccountRegion,200,3797,29968
25,/getAccountRegion,200,3734,21967
17,/login,200,787,3744
19,/login,200,4733,29733
28,/getAccountRegion,200,1858,49525
25,/login,200,1971,48192
30,/getAccountName,200,3560,32978
12,/getAccountRegion,200,3152,39313
22,/getAccountRegion,200,3491,18499
24,/getAccountName,200,4296,16394
14,/login,200,4639,5405
27,/getAccountRegion,200,1254,12457
13,/getAccountStatus,200,3989,38984
26,/getAccountStatus,200,1271,28962
27,/login,200,1875,28161
28,/getAccountRegion,500,3613,11105
26,/login,200,4023,9829
13,/getContact,200,4445,10658
18,/getAccountStatus,200,2688,6758
26,/getAccountRegion,200,2872,3653
22,/getContact,200,376,22523
11,/login,200,1138,3540
13,/getAccountRegion,200,161,25011
11,/login,200,3236,4767
29,/getAccountName,500,4401,2028
11,/login,200,1640,49733
25,/getContact,200,2923,33337
30,/getAccountStatus,200,4229,44453
24,/getAccountRegion,200,3542,30274
23,/getAccountStatus,200,664,22811
28,/getContact,200,1987,44503
12,/getContact,200,3187,47296
14,/getContact,200,3387,27607
11,/getContact,200,4231,17552
16,/getAccountName,500,3576,48832
27,/getAccountStatus,200,2008,30102
26,/getAccountRegion,200,612,40936
14,/getAccountName,200,3244,3403
22,/getAccountRegion,200,1230,46431
12,/getAccountRegion,200,1544,10714
25,/getAccountStatus,200,1208,9778
12,/getAccountStatus,200,1822,36351
11,/getAccountStatus,200,564,24335
19,/getAccountStatus,200,2835,5480
19,/getAccountName,200,4679,3900
20,/login,200,1549,43201
30,/getContact,200,411,23719
25,/getAccountStatus,200,1071,514
13,/getAccountStatus,403,4971,25686
27,/getAccountName,200,4499,35300
25,/getContact,200,2543,13561
20,/getAccountStatus,200,155,17087
23,/getAccountName,200,2311,29742
22,/login,200,3198,10370
22,/login,200,1310,6563
15,/getContact,200,2123,17153
24,/getAccountName,200,3509,37390
24,/getAccountRegion,200,4544,12637
19,/getAccountStatus,200,4517,28707
19,/getAccountRegion,200,4004,5466
12,/login,200,4800,16015
22,/getContact,200,4443,24812
25,/login,200,3858,36922
24,/getAccountRegion,200,2034,37755
18,/getAccountRegion,200,1653,10614
16,/getAccountStatus,200,1493,22048
14,/login,200,3626,3158
18,/getAccountRegion,200,1950,11416
30,/getAccountRegion,403,2268,37244
17,/getAccountRegion,200,1043,9666
12,/getAccountStatus,200,2202,45406
23,/getAccountRegion,200,1989,14310
22,/getAccountRegion,200,755,39736
18,/getAccountName,200,2429,25589
26,/login,200,2426,21175
28,/getContact,200,1446,20204
29,/getContact,200,1529,42495
20,/getAccountName,200,4987,16518
30,/getContact,200,4330,42634
30,/login,200,4738,30330
13,/getAccountRegion,200,1391,8853
22,/getAccountRegion,200,2039,29595
18,/getAccountStatus,200,523,15195
20,/getAccountStatus,200,2912,44048
29,/getAccountStatus,200,2707,28703
18,/login,200,1567,4596
19,/getAccountStatus,200,254,16474
30,/getAccountName,200,3723,30752
19,/getAccountStatus,200,3077,29780
29,/getAccountStatus,200,3226,12595
26,/getAccountStatus,200,4164,36148
19,/login,200,2497,10020
22,/getContact,200,3175,19901
28,/getAccountStatus,200,738,24138
15,/login,200,2512,16765
20,/login,200,4713,32238
23,/getAccountStatus,200,1509,18403
11,/login,200,1909,44265
25,/login,200,1009,15509
13,/login,200,972,9053
26,/getAccountRegion,200,608,16328
11,/getAccountName,200,2943,9597
25,/getContact,200,1916,42392
18,/getAccountName,200,1533,11257
27,/getAccountStatus,200,2006,43169
25,/getContact,200,4657,32797
23,/getAccountName,200,1056,19738
15,/getAccountRegion,403,4867,10561
30,/getContact,200,2365,11053
29,/getAccountName,403,4789,15308
28,/login,200,1492,29062
22,/getAccountRegion,200,2329,12887
20,/getAccountRegion,200,4918,19639
20,/getAccountStatus,200,809,21687
17,/getAccountStatus,200,2495,47766
24,/getAccountStatus,200,544,39776
22,/getAccountRegion,200,1590,8398
19,/getAccountStatus,200,4624,32004
18,/getContact,403,382,22367
18,/getAccountRegion,200,3985,45526
19,/getAccountStatus,200,1010,22109
23,/getAccountStatus,200,1636,3939
11,/getAccountName,200,1632,16734
25,/getContact,200,1188,13479
21,/getAccountName,200,692,29180
25,/getAccountStatus,200,1982,44870
22,/getAccountStatus,200,2421,26628
27,/getAccountRegion,200,3457,30283
17,/getAccountName,200,2197,35814
11,/getAccountRegion,200,4605,38093
13,/getAccountName,200,3440,32402
14,/login,200,244,43090
13,/getAccountName,200,3906,29939
13,/getAccountName,200,4543,22065
27,/getContact,200,2999,4890
18,/getContact,200,3660,33309
22,/getContact,200,4159,4566
17,/getContact,200,814,24093
15,/getAccountStatus,200,4003,749
28,/getAccountName,200,2652,12191
26,/getAccountRegion,200,1636,36895
26,/getAccountStatus,200,1565,36961
18,/getAccountStatus,200,3377,19144
24,/login,200,4277,11101
14,/getAccountName,200,4817,30122
14,/getAccountName,200,2281,34164
24,/getAccountName,403,1802,44651
27,/getAccountRegion,200,1492,11103
12,/login,200,4075,24222
12,/getAccountStatus,200,4501,33981
17,/getAccountStatus,200,4302,21498
14,/getAccountRegion,200,3678,43150
29,/getAccountName,200,923,11962
21,/login,200,3072,32974
23,/getAccountName,200,621,20721
13,/login,200,4690,46817
16,/getAccountRegion,200,4386,41426
27,/getAccountName,200,3065,34991
11,/getAccountName,200,4594,31179
26,/login,200,1657,9884
18,/login,200,891,14702
17,/getContact,200,4305,49753
11,/getAccountStatus,200,920,45819
16,/getAccountRegion,200,4698,47921
23,/getAccountName,200,3742,770
12,/getAccountStatus,200,1232,24594
11,/getAccountStatus,200,3687,28465
20,/getContact,200,3361,6875
14,/getContact,200,4124,47319
19,/getContact,200,1814,35463
25,/getAccountRegion,200,1678,24047
20,/getAccountStatus,200,2095,18285
21,/getAccountName,200,784,12189
29,/getAccountName,200,528,49365
18,/getAccountRegion,200,3216,43190
15,/getAccountStatus,200,2199,36145
20,/login,200,4695,30053
24,/getContact,200,2499,11298
27,/getAccountRegion,200,519,34251
30,/getAccountStatus,200,1868,6019
30,/getAccountName,200,3247,8730
28,/getAccountRegion,200,3948,17561
12,/getAccountName,200,2247,46882
17,/login,200,3687,7684
11,/getContact,200,953,40291
20,/getAccountName,200,1941,17239
14,/getAccountRegion,200,1894,33586
29,/getAccountName,200,2446,32179
28,/getAccountRegion,200,3779,47413
13,/login,200,2704,20285
14,/getAccountStatus,200,3902,9978
18,/getAccountStatus,200,4389,22277
30,/login,200,3943,21517
22,/login,200,1042,25793
17,/getContact,200,3366,15680
13,/login,200,646,35106
28,/getAccountRegion,200,3631,19512
30,/login,200,3495,784
29,/login,200,3808,49849
12,/login,200,2530,47235
11,/login,200,2626,28166
16,/getContact,200,3279,14149
26,/getAccountRegion,200,3178,26365
12,/login,200,1657,32836
11,/getAccountRegion,200,4381,6956
14,/getContact,200,3755,41666
16,/getAccountStatus,200,2979,18836
17,/login,200,2043,45101
22,/getAccountRegion,200,2205,19523
17,/login,200,4708,20763
16,/getAccountRegion,200,4773,36333
26,/getAccountName,200,4155,16590
13,/getAccountName,200,4635,16822
27,/getContact,200,2033,37106
22,/getContact,200,4531,3357
15,/getAccountRegion,200,1783,12489
23,/getContact,200,1796,30368
26,/getContact,200,916,32241
24,/getAccountRegion,200,2283,38409
12,/login,200,4937,49800
19,/getContact,200,998,19024
17,/getAccountStatus,200,3953,20039
16,/getAccountName,200,1026,33255
17,/getAccountRegion,200,2496,18694
22,/getContact,200,4817,9054
14,/login,200,1324,34645
19,/getAccountStatus,200,4216,30935
25,/login,200,508,45094
17,/login,200,1954,18596
26,/getAccountRegion,200,2155,21512
21,/getContact,200,4003,35620
19,/getContact,200,3968,20790
21,/getContact,200,1614,47459
24,/login,200,3132,5968
28,/getAccountStatus,200,490,34054
29,/login,200,1829,32112
16,/login,200,1319,48497
23,/getAccountRegion,200,1302,48497
25,/getAccountRegion,200,4560,3451
27,/getAccountName,200,4740,14958
22,/getContact,200,2609,17328
28,/getAccountStatus,403,339,36459
12,/login,200,4811,38432
11,/getAccountRegion,200,2883,17570
11,/getAccountStatus,200,2762,15196
26,/login,200,1771,27753
28,/getAccountName,200,3796,33761
20,/getContact,200,4212,2261
11,/getContact,200,1567,26255
22,/getContact,200,1145,45305
21,/getContact,200,4617,21142
17,/getAccountStatus,200,341,49171
19,/getAccountStatus,200,1726,48641
18,/getAccountRegion,200,4680,34022
29,/getContact,200,4712,45044
19,/login,200,3697,34621
24,/getAccountRegion,200,3825,47091
20,/getAccountName,200,1844,48085
30,/getAccountRegion,200,4478,15596
30,/getAccountStatus,200,4116,32238
22,/login,200,4637,10322
20,/getAccountStatus,200,977,44842
28,/getAccountStatus,200,2832,2198
26,/getAccountName,200,841,21026
25,/getAccountName,200,2357,42796
13,/getContact,200,1139,19028
13,/login,200,1166,31153
13,/getAccountName,200,1772,37600
15,/getAccountName,403,1909,13574
13,/getAccountStatus,200,4100,805
27,/getContact,200,4109,29737
21,/getAccountRegion,200,3034,14337
21,/getAccountStatus,200,1486,40869
25,/getAccountName,200,2531,26846
13,/getAccountStatus,200,3168,22551
14,/getAccountStatus,200,2302,18190
14,/getContact,200,4849,9100
30,/getAccountName,200,529,30401
23,/getAccountName,200,3807,43659
30,/login,200,4502,45233
19,/getAccountRegion,200,4788,18922
18,/login,200,759,41367
30,/getAccountStatus,200,1742,22631
26,/getAccountStatus,200,3586,48078
14,/getAccountName,200,1134,34279
28,/getAccountRegion,200,2824,8516
28,/getAccountStatus,200,3849,3939
13,/getAccountRegion,200,4049,7874
22,/login,200,312,17079
12,/login,200,746,8880
13,/getAccountRegion,200,2716,22798
11,/getAccountName,200,3642,42176
30,/getAccountName,200,1678,43444
22,/login,200,2195,43649
25,/getAccountRegion,200,4861,40775
20,/getAccountRegion,200,3284,12044
16,/getAccountName,200,745,22227
18,/getAccountRegion,200,3950,16908
21,/getAccountStatus,200,744,812
17,/getAccountRegion,200,1331,32869
29,/getAccountRegion,200,3173,11209
14,/getContact,200,237,5432
21,/getAccountStatus,200,1717,45677
19,/getAccountRegion,200,1555,6319
21,/getAccountName,200,4138,15179
20,/getAccountRegion,200,136,16753
20,/login,200,2497,1218
23,/login,200,4394,28338
14,/login,200,4069,8407
14,/getAccountName,200,224,21305
13,/getAccountStatus,200,4607,36695
28,/getAccountName,200,4513,5689
15,/getAccountName,200,1090,9219
28,/getAccountName,200,2564,19760
11,/getAccountName,200,3862,15376
28,/getAccountName,200,4866,48988
30,/getAccountRegion,200,2687,13749
27,/getAccountStatus,200,193,45662
15,/getAccountRegion,200,1825,23016
26,/getAccountName,200,1109,47400
21,/getContact,200,4050,14970
26,/getAccountStatus,200,4813,35466
21,/login,200,2090,12314
16,/getAccountRegion,200,3544,34786
24,/login,200,171,31332
18,/getAccountStatus,200,1357,42636
18,/getAccountName,200,3897,23434
16,/getContact,200,3838,24147
22,/login,200,1093,14630
13,/getAccountStatus,200,4668,14377
30,/getAccountName,200,2435,992
25,/getAccountName,200,3898,48299
17,/getAccountRegion,200,4020,11089
24,/getAccountRegion,200,3568,16779
30,/getContact,200,790,43626
15,/getAccountName,200,802,8695
19,/getAccountRegion,200,952,24699
15,/getAccountRegion,200,542,48579
25,/getAccountName,200,2317,35453
14,/getAccountName,200,4129,48327
12,/getAccountRegion,200,2045,10110
22,/getAccountStatus,200,479,45291
23,/getContact,200,4122,26174
16,/getAccountName,200,1612,8896
21,/getContact,200,1536,22807
13,/login,200,3932,40445
17,/getAccountStatus,200,4810,12702
17,/login,200,2484,38782
27,/getContact,200,431,29292
16,/getContact,200,2639,47632
22,/login,200,3545,1851
28,/getAccountRegion,403,2705,31748
30,/login,200,3341,8839
28,/login,200,386,36863
14,/getContact,200,221,36887
30,/getAccountName,200,2044,45148
20,/getAccountName,200,1443,45906
14,/login,200,4786,10634
29,/getAccountName,200,3909,21846
11,/getAccountRegion,200,110,5330
19,/login,200,3899,37914
26,/getAccountRegion,200,1796,3153
13,/getContact,200,2140,963
21,/getAccountRegion,200,3022,23020
14,/login,200,4326,35424
28,/getAccountRegion,200,4954,40736
12,/getContact,200,2466,24651
29,/getAccountStatus,200,2091,35931
23,/getAccountName,200,1005,8172
25,/login,200,3961,7663
28,/getAccountName,200,4525,6434
23,/getAccountRegion,200,3727,24231
16,/getAccountRegion,200,1686,7697
12,/getAccountRegion,200,2771,5236
25,/getAccountName,200,840,49670
28,/getAccountStatus,200,594,8107
14,/getAccountStatus,200,3468,5675
20,/getContact,200,3744,7421
20,/getAccountName,200,2237,37286
26,/getAccountStatus,200,4130,9491
30,/getAccountRegion,200,2571,3639
23,/login,200,3256,3692
11,/getContact,200,2146,2952
22,/getAccountName,200,1145,36457
20,/getAccountRegion,200,4136,28466
22,/getAccountStatus,200,4224,2864
15,/getAccountRegion,200,3741,33922
25,/getContact,200,1389,28518
21,/getAccountStatus,200,3020,47122
24,/getContact,200,1290,39819
14,/getAccountName,200,1898,42733
20,/getContact,200,3461,46879
23,/getContact,200,1595,2943
21,/getAccountRegion,200,4624,39269
25,/getContact,200,3483,36848
25,/getAccountName,200,2586,34462
16,/getAccountName,200,4129,46493
14,/login,200,2868,48671
18,/getAccountRegion,200,3776,27149
15,/login,200,3537,43006
29,/getAccountStatus,200,3584,7763
18,/getContact,200,435,3386
13,/getContact,200,1159,2552
24,/login,200,884,9851
16,/getAccountStatus,200,674,24878
27,/getAccountRegion,200,4113,31042
25,/getAccountRegion,200,2628,29651
30,/login,200,3726,28380
30,/getAccountRegion,200,3277,28676
24,/getContact,200,2103,2596
26,/getAccountName,200,382,39940
15,/getAccountStatus,200,3432,7235
28,/getContact,200,1004,23840
20,/getAccountRegion,200,1150,33193
17,/getAccountRegion,200,3884,29042
16,/getAccountRegion,200,2289,25588
21,/login,200,1104,22129
26,/getAccountStatus,200,4468,18782
21,/login,200,196,13465
26,/getAccountStatus,200,1675,44873
19,/getContact,200,165,34539
12,/getAccountName,200,257,24755
16,/login,200,1763,36099
22,/getAccountName,200,4466,45761
24,/getAccountName,200,4309,20358
26,/getAccountRegion,200,615,819
23,/getAccountStatus,200,3169,6913
18,/getContact,200,3850,15319
27,/login,200,3669,4408
15,/getAccountRegion,200,2014,34246
21,/getAccountRegion,200,1960,8521
24,/getAccountRegion,200,3502,13959
23,/getAccountStatus,200,2943,29544
26,/login,200,3231,26018
29,/getAccountStatus,200,3279,46824
23,/getAccountName,200,1767,11724
30,/getAccountStatus,200,4722,22399
26,/getContact,200,681,25435
26,/getAccountRegion,200,673,9260
11,/login,200,1863,36269
26,/getContact,200,3798,655
21,/getContact,200,1797,27043
12,/getAccountStatus,200,1146,6097
22,/getContact,200,4781,24238
28,/getAccountName,200,1762,1456
21,/getAccountName,200,2762,9196
24,/getAccountStatus,200,875,6554
13,/getContact,200,3327,15041
14,/getAccountRegion,200,2426,42062
20,/login,200,3846,20832
30,/getAccountStatus,200,3901,6902
18,/login,200,3210,27635
17,/getContact,403,208,42917
12,/getAccountRegion,200,3068,25638
22,/getAccountStatus,200,3384,2381
18,/login,200,4296,17004
19,/login,200,398,20216
30,/getAccountStatus,200,2210,8380
16,/getContact,200,3447,16701
14,/getContact,200,3298,12056
14,/getAccountName,200,3045,39292
22,/getAccountStatus,200,1671,44616
18,/getAccountRegion,200,2141,7168
29,/login,200,3142,16393
30,/getAccountRegion,200,1042,19735
17,/getAccountStatus,200,4154,22864
23,/login,200,4481,43397
29,/getAccountStatus,200,123,20371
19,/getAccountName,200,181,32862
11,/getAccountStatus,200,4433,23483
11,/getAccountStatus,200,4637,3887
11,/getAccountName,200,3765,17730
23,/getAccountName,200,1323,12824
15,/getAccountName,200,1196,25891
21,/getContact,200,2960,26472
17,/login,200,4211,16017
14,/getAccountName,200,2128,41789
23,/getContact,200,2038,46612
24,/login,200,1711,7989
28,/getAccountStatus,500,1508,21777
24,/login,200,2764,35990
27,/getAccountName,200,4777,40098
11,/login,200,4062,44949
16,/getAccountStatus,200,4740,48375
26,/login,200,4656,38686
15,/getAccountRegion,200,355,16439
20,/getAccountRegion,200,3076,33284
13,/getAccountRegion,200,1568,4992
24,/login,200,4966,24616
19,/getAccountStatus,200,1379,43450
29,/getContact,200,2660,27855
12,/login,200,712,8584
20,/getContact,200,4846,38417
26,/getAccountName,200,3186,7133
13,/getAccountRegion,200,2192,41615
27,/getAccountRegion,200,537,35498
26,/login,200,3897,13672
16,/getAccountName,200,1435,45203
14,/getContact,200,3579,23900
26,/getAccountStatus,200,3007,46006
19,/login,200,1944,41252
25,/getAccountStatus,200,2116,35514
26,/getContact,403,737,9891
23,/getAccountName,200,1442,30334
14,/getContact,200,2266,17880
22,/getContact,200,3375,2438
23,/getAccountName,200,2184,10229
17,/getAccountRegion,200,3528,34015
19,/login,200,720,48324
30,/getAccountRegion,200,3528,25759
18,/login,200,4507,5386
30,/getAccountRegion,200,2448,2843
22,/getAccountStatus,200,4771,20019
18,/getAccountName,200,4273,9229
29,/getAccountRegion,200,3068,28981
26,/getContact,200,1445,40802
16,/login,500,3627,37743
29,/getAccountRegion,200,3104,33514
30,/getAccountStatus,200,1414,27031
11,/login,200,1536,6411
14,/getAccountName,200,3262,15654
12,/getAccountStatus,200,2825,49421
22,/login,200,574,29663
28,/getAccountName,200,4636,49503
27,/getAccountName,200,614,34753
19,/getContact,200,1737,9695
30,/getContact,200,3135,8853
20,/getAccountRegion,200,137,16325
29,/getContact,200,846,48131
25,/getAccountStatus,200,2977,6258
11,/login,200,2112,18930
13,/getAccountStatus,200,3473,43948
14,/getAccountName,200,185,42725
13,/getAccountRegion,200,2490,20947
19,/getAccountName,200,184,15618
24,/getAccountStatus,200,1730,11182
16,/getAccountRegion,200,3095,19338
15,/login,200,2035,48189
17,/getContact,200,2491,6825
23,/getAccountStatus,200,4223,25550
23,/getAccountStatus,200,4939,17918
11,/getAccountRegion,200,4665,37361
28,/getAccountName,200,2895,23324
12,/getContact,200,1331,6444
16,/getAccountRegion,200,452,42488
24,/getAccountName,200,3503,40610
16,/login,200,2957,19864
21,/login,200,4268,33809
30,/getContact,200,691,2854
29,/getAccountRegion,200,2899,18057
23,/login,200,1469,18542
19,/getAccountRegion,200,1983,18988
17,/login,200,3898,47483
25,/login,200,364,37079
13,/login,200,3020,6310
27,/login,200,528,26116
24,/getAccountStatus,200,3102,21021
19,/getAccountName,200,1920,12062
18,/getAccountStatus,200,4976,2830
14,/login,200,2217,13856
26,/getAccountStatus,200,2126,31572
21,/login,200,899,10522
28,/login,200,2897,37929
29,/getAccountName,200,2927,24813
28,/getAccountStatus,200,567,28111
23,/login,200,1852,2565
30,/getAccountName,200,1163,24665
28,/login,200,4492,40183
16,/login,200,3386,28341
26,/getAccountStatus,200,655,1769
20,/getAccountStatus,200,1663,29003
25,/login,200,340,32748
27,/login,200,4747,7892
27,/getAccountName,200,997,40546
30,/getAccountRegion,200,2805,23189
30,/getAccountRegion,200,4742,49659
12,/getContact,200,2562,20959
11,/login,500,2503,33205
17,/getAccountStatus,200,4877,14894
25,/getAccountName,200,249,14926
22,/getAccountRegion,200,147,16711
11,/getContact,200,185,26109
21,/login,200,476,28407
14,/getAccountRegion,200,3474,1526
30,/getAccountRegion,200,2922,30322
24,/getContact,200,4643,20293
27,/getAccountName,200,2227,22737
24,/getAccountRegion,200,930,45243
15,/getAccountName,200,3759,47753
21,/getContact,200,2049,38073
29,/getAccountName,200,1410,3349
12,/getAccountName,200,3317,49572
30,/getAccountName,200,458,7894
11,/login,200,2360,11940
18,/getContact,403,1357,23902
30,/getAccountRegion,200,1200,9475
21,/login,200,1368,14817
28,/getAccountName,200,944,43583
17,/getAccountName,200,4955,14807
23,/getAccountRegion,200,4981,17792
13,/getAccountName,200,238,2281
15,/getAccountName,200,488,1086
14,/getContact,200,1221,33928
14,/getAccountStatus,200,3504,16631
16,/getAccountName,200,292,17441
21,/login,200,1423,40022
25,/getAccountStatus,200,1379,12428
15,/getAccountRegion,403,157,34243
17,/getAccountRegion,200,1046,16870
20,/getAccountName,200,2607,23687
13,/login,200,3916,44231
14,/getAccountStatus,200,2732,11507
27,/getContact,200,4611,21910
29,/getAccountStatus,200,4385,36212
19,/getAccountName,200,4490,31830
12,/getContact,200,4171,31786
24,/getAccountStatus,200,602,27411
23,/getAccountStatus,200,2642,8108
21,/getContact,200,2013,9260
17,/getContact,200,4488,3313
16,/getAccountName,500,3402,37144
30,/getAccountStatus,200,1705,29815
29,/getAccountRegion,200,2962,17170
10,/getContact,403,512,26476
21,/getContact,200,4517,6195
17,/getAccountStatus,200,4981,23559
5,/getContact,200,2931,6019
13,/getContact,200,1085,1099
12,/login,200,2203,1211
13,/getAccountStatus,200,1871,41810
3,/getAccountRegion,200,2203,12182
30,/login,200,1856,42302
8,/getAccountStatus,200,1785,32383
29,/getAccountStatus,200,255,37147
3,/getAccountRegion,200,1628,47332
19,/getAccountStatus,200,3617,26858
25,/getContact,200,1681,13920
11,/login,200,1919,16610
3,/getAccountName,200,2828,25552
30,/getContact,200,582,30969
14,/getAccountStatus,200,3327,49646
6,/getAccountStatus,200,4590,12728
26,/getAccountName,200,2988,2451
16,/getAccountRegion,200,2202,49852
11,/getAccountName,500,781,40114
21,/getContact,200,1153,30999
1,/login,200,797,36238
11,/getAccountName,200,4488,23795
26,/login,200,480,22742
9,/getAccountRegion,200,2870,43553
22,/getContact,200,3236,4234
10,/getAccountStatus,200,4826,39616
22,/getContact,200,287,41260
1,/getAccountRegion,200,2946,18554
5,/login,200,3965,46469
4,/getAccountRegion,200,1465,38226
13,/getContact,403,4861,25773
22,/getAccountName,200,599,32301
18,/getAccountRegion,500,816,31191
28,/getAccountRegion,200,4470,46688
14,/getAccountStatus,200,2287,38661
20,/login,200,4249,44874
29,/login,200,2863,20450
7,/getContact,200,2867,31508
5,/getAccountName,200,4708,4576
2,/getContact,500,1632,28223
16,/login,200,1914,33516
4,/login,200,2354,31658
13,/getContact,200,2291,1389
25,/getAccountStatus,200,4710,23632
27,/login,200,890,33569
21,/login,500,4683,44697
21,/getContact,200,2659,15263
4,/getAccountName,200,878,28532
27,/getAccountStatus,200,2625,36028
28,/getAccountName,200,1347,28460
29,/login,200,3925,44985
16,/getAccountName,200,2810,44908
7,/getAccountStatus,200,1463,26252
25,/getAccountStatus,200,3897,3694
15,/login,200,2423,47885
25,/getAccountRegion,200,4153,32244
30,/getAccountRegion,200,1725,34696
13,/getAccountStatus,200,1933,23501
26,/getAccountStatus,200,1197,19891
13,/login,200,111,38314
8,/getAccountRegion,200,4965,21179
6,/getAccountName,200,2414,43425
23,/getAccountStatus,200,572,6860
1,/login,200,4919,4342
30,/getContact,200,3007,4239
27,/getAccountName,200,4783,30622
18,/getAccountRegion,200,4527,33918
21,/getAccountName,200,4842,20800
3,/getContact,200,3437,16983
2,/getAccountRegion,200,4036,22981
13,/getAccountStatus,200,2867,29244
9,/getContact,200,1687,40631
21,/getAccountName,200,2090,13450
20,/getAccountStatus,200,711,17523
18,/getContact,200,1108,10008
18,/getAccountRegion,200,1896,2747
26,/login,200,2015,47759
12,/getAccountRegion,200,2051,13733
17,/getAccountName,200,346,47599
14,/getAccountRegion,200,3280,5817
16,/login,200,4353,47481
23,/getAccountRegion,200,297,6766
1,/getContact,200,2867,30065
7,/getAccountStatus,200,366,24853
15,/getAccountRegion,200,4674,17548
4,/getAccountRegion,200,3969,35139
26,/getContact,200,3534,32150
6,/getAccountRegion,200,3082,37957
16,/getAccountRegion,200,3298,16814
14,/getAccountStatus,200,4799,37848
13,/getAccountName,200,4329,21835
4,/getContact,200,3445,37345
26,/getContact,200,1992,34776
18,/getAccountName,403,4130,21770
17,/getAccountStatus,200,4127,41835
29,/login,200,4728,44834
